{
  "vec_mean": [
    6.076889622079312,
    0.3362408836482132,
    0.18344667642127957,
    0.26035216429638885,
    -0.008929178436976166,
    -0.03048704141012621,
    0.2592690624538105,
    0.05018425504571314,
    0.9142236692579123,
    0.9156936446825203,
    0.9230952712139827,
    0.9198188704972489,
    0.9164881857476715,
    0.9199725559924856,
    0.9203503191999273,
    0.917479484043373,
    0.9166284906587837,
    0.9184448788533859,
    0.9189192355479878,
    0.9188085493734821,
    0.9249988333309227,
    0.9313614195020794,
    0.9316170308181134,
    0.9279980978459045,
    0.9218672063914395,
    0.9153988026104873,
    0.9103440426654614,
    0.9078726501252974,
    0.9082004314052659,
    0.9113471104793934,
    0.9130500357121892,
    0.9117100662080446
  ],
  "vec_var": [
    9.746651836631218,
    0.3754157126693429,
    0.4778736724892407,
    1.4133207417449063,
    0.06473863062597159,
    0.43481130306915466,
    0.7183435385771325,
    0.7052807816817411,
    0.03922988357061524,
    0.03850265423841957,
    0.035075955862419704,
    0.036768384226662,
    0.038550374815513044,
    0.03664845359275241,
    0.03610497092489506,
    0.037163832711526956,
    0.03696914618346949,
    0.035223769513571916,
    0.03449757349249029,
    0.03426924362196366,
    0.030711519876405254,
    0.027097103672578098,
    0.02670838417408485,
    0.028098766332994848,
    0.030714042047056484,
    0.03363576837708222,
    0.03589570667861908,
    0.036880846712846145,
    0.03650830437796026,
    0.03535228777130758,
    0.036196533420342084,
    0.039043778571273224
  ],
  "clip": 10.0,
  "wheel_vel_scale": 10.0
}