{
  "vec_mean": [
    6.641598436131521,
    0.032729784075291174,
    -0.0910597501336218,
    0.2758965429914137,
    -0.024260871219170324,
    -0.12578265595484925,
    0.545173107382346,
    -0.24413076437193895,
    0.9560862339122492,
    0.9511394736878586,
    0.9452911378623884,
    0.9393186959891348,
    0.9316946057768356,
    0.9236970057353664,
    0.9170441707800177,
    0.9141889498466484,
    0.9131226342546452,
    0.9128355089981345,
    0.9158795263708186,
    0.9220925557208796,
    0.9292023612100383,
    0.9352400450495048,
    0.9411147955215349,
    0.9458149877507833,
    0.9486439839654618,
    0.9485263914774522,
    0.9468255226978517,
    0.9471461103096336,
    0.950292763365837,
    0.9557774151907362,
    0.96039411579858,
    0.9597020181066441
  ],
  "vec_var": [
    10.673534096990718,
    0.442508845872463,
    0.5481280373128935,
    1.6677264440844963,
    0.06646248997888941,
    0.42025298184167925,
    0.49317846381928593,
    0.7452930672292014,
    0.02120880039269499,
    0.023383631875649957,
    0.025478480763316255,
    0.02741306056966046,
    0.029957624068113135,
    0.032730798622921914,
    0.03500504870301622,
    0.035693045640043636,
    0.03574529992399085,
    0.03556185990853489,
    0.034074933628310405,
    0.03107351955738538,
    0.027200475242622885,
    0.023810210586874863,
    0.021159247138520385,
    0.019820593008418208,
    0.01963904631233161,
    0.02038963648590638,
    0.021342714030922628,
    0.02122994245237031,
    0.020131730899713676,
    0.018372402780041062,
    0.017332049922380174,
    0.018860947589223177
  ],
  "clip": 10.0,
  "wheel_vel_scale": 10.0
}